# frozen_sha256=c13ca2d6c3d07674230d78b6bd187ff5695cdf642a11399fc76e65d4e483ab44; synthetic=false; source=calendar.json
date,open_et,close_et,contract,roll_day,late_news,news_flags,trade_enabled,news_windows
2026-08-24,09:30,16:00,MNQ 12-26,false,false,FED_RELEASE,false,12:55:00-13:10:00
2026-08-25,09:30,16:00,MNQ 12-26,false,false,FED_RELEASE,false,12:55:00-13:10:00|12:55:00-13:10:00
2026-08-26,09:30,16:00,MNQ 12-26,false,false,BLS_RELEASE|FED_RELEASE|GDP|PCE,false,09:55:00-10:10:00|09:55:00-10:10:00|12:55:00-13:10:00
2026-08-27,09:30,16:00,MNQ 12-26,false,false,BLS_RELEASE|FED_RELEASE,false,09:55:00-10:10:00|09:55:00-10:10:00|12:55:00-13:10:00
2026-08-28,09:30,16:00,MNQ 12-26,false,false,BLS_RELEASE|FED_RELEASE|FED_SPEECH,false,09:55:00-10:10:00|09:55:00-10:10:00|09:55:00-10:10:00|09:55:00-10:10:00|12:55:00-13:10:00
2026-08-31,09:30,16:00,MNQ 12-26,false,false,FED_RELEASE|FED_UNTIMED,false,12:55:00-13:10:00
2026-09-01,09:30,16:00,MNQ 12-26,false,false,BLS_RELEASE|FED_RELEASE|FED_SPEECH,false,09:55:00-10:10:00|12:55:00-13:10:00
2026-09-02,09:30,16:00,MNQ 12-26,false,false,BLS_RELEASE|FED_RELEASE,false,09:55:00-10:10:00|12:55:00-13:10:00|13:55:00-14:10:00
2026-09-03,09:30,16:00,MNQ 12-26,false,false,BEA_RELEASE|BLS_RELEASE|FED_RELEASE|FED_SPEECH,false,12:55:00-13:10:00
2026-09-04,09:30,16:00,MNQ 12-26,false,false,FED_RELEASE|PAYROLLS,false,12:55:00-13:10:00
2026-09-08,09:30,16:00,MNQ 12-26,false,false,FED_RELEASE,false,12:55:00-13:10:00|14:55:00-15:10:00
2026-09-09,09:30,16:00,MNQ 12-26,false,false,BLS_RELEASE|FED_RELEASE,false,09:55:00-10:10:00|12:55:00-13:10:00
2026-09-10,09:30,16:00,MNQ 12-26,false,false,BLS_RELEASE|FED_RELEASE,false,12:55:00-13:10:00
2026-09-11,09:30,16:00,MNQ 12-26,false,false,BLS_RELEASE|CPI|FED_RELEASE,false,11:55:00-12:10:00|12:55:00-13:10:00
2026-09-14,09:30,16:00,MNQ 12-26,true,false,FED_RELEASE,false,12:55:00-13:10:00
2026-09-15,09:30,16:00,MNQ 12-26,false,false,FED_RELEASE|FOMC_MEETING_DAY_1,false,12:55:00-13:10:00
2026-09-16,09:30,16:00,MNQ 12-26,false,false,BLS_RELEASE|FED_RELEASE|FOMC,false,12:55:00-13:10:00|13:55:00-14:10:00|14:25:00-14:40:00
2026-09-17,09:30,16:00,MNQ 12-26,false,false,FED_RELEASE,false,12:55:00-13:10:00
2026-09-18,09:30,16:00,MNQ 12-26,false,false,BLS_RELEASE|FED_RELEASE|FED_SPEECH,false,09:30:00-09:40:00|09:55:00-10:10:00|12:55:00-13:10:00
2026-09-21,09:30,16:00,MNQ 12-26,false,false,FED_RELEASE,false,12:55:00-13:10:00
2026-09-22,09:30,16:00,MNQ 12-26,false,false,FED_RELEASE|FED_SPEECH,false,10:15:00-10:30:00|12:55:00-13:10:00|12:55:00-13:10:00
2026-09-23,09:30,16:00,MNQ 12-26,false,false,FED_RELEASE|FED_SPEECH,false,10:00:00-10:15:00|12:55:00-13:10:00
2026-09-24,09:30,16:00,MNQ 12-26,false,false,BEA_RELEASE|BLS_RELEASE|FED_RELEASE,false,09:55:00-10:10:00|09:55:00-10:10:00|12:55:00-13:10:00|13:55:00-14:10:00
2026-09-25,09:30,16:00,MNQ 12-26,false,false,BLS_RELEASE|FED_RELEASE,false,09:55:00-10:10:00|12:55:00-13:10:00
2026-09-28,09:30,16:00,MNQ 12-26,false,false,FED_RELEASE|FED_SPEECH,false,12:55:00-13:10:00|13:20:00-13:35:00
2026-09-29,09:30,16:00,MNQ 12-26,false,false,BLS_RELEASE|FED_RELEASE|FED_SPEECH,false,09:55:00-10:10:00|10:55:00-11:10:00|12:35:00-12:50:00|12:55:00-13:10:00|14:55:00-15:10:00
2026-09-30,09:30,16:00,MNQ 12-26,false,true,BLS_RELEASE|FED_RELEASE|FED_SPEECH|FED_UNTIMED|GDP|LATE_NEWS|PCE,false,09:55:00-10:10:00|12:55:00-13:10:00|15:20:00-15:35:00
2026-10-01,09:30,16:00,MNQ 12-26,false,true,FED_RELEASE|FED_SPEECH|LATE_NEWS,false,09:55:00-10:10:00|12:55:00-13:10:00|13:25:00-13:40:00|14:55:00-15:10:00|15:25:00-15:40:00
2026-10-02,09:30,16:00,MNQ 12-26,false,false,FED_RELEASE|PAYROLLS,false,12:55:00-13:10:00
2026-10-05,09:30,16:00,MNQ 12-26,false,false,FED_RELEASE,false,12:55:00-13:10:00
2026-10-06,09:30,16:00,MNQ 12-26,false,false,BEA_RELEASE|FED_RELEASE|FED_SPEECH,false,09:55:00-10:10:00|10:40:00-10:55:00|12:55:00-13:10:00
2026-10-07,09:30,16:00,MNQ 12-26,false,false,FED_RELEASE|FOMC,true,12:55:00-13:10:00|13:55:00-14:10:00|14:55:00-15:10:00
2026-10-08,09:30,16:00,MNQ 12-26,false,false,FED_RELEASE|FED_SPEECH,true,12:55:00-13:10:00
2026-10-09,09:30,16:00,MNQ 12-26,false,false,FED_RELEASE,true,12:55:00-13:10:00
