# frozen_sha256=d44212925351b30d34d0a370c0ad4fd269ad88ee9bcfcb055a3e4a7b78823fc0; synthetic=false; source=calendar.json
date,open_et,close_et,contract,roll_day,late_news,news_flags,trade_enabled,news_windows,globex_open_et,globex_close_et,globex_news_windows,globex_breaks
2026-08-24,09:30,16:00,MNQ 12-26,false,false,FED_RELEASE|fed-august,false,12:55:00-13:10:00,2026-08-23T18:00:00-04:00,2026-08-24T17:00:00-04:00,2026-08-24T12:55:00-04:00~2026-08-24T13:10:00-04:00|2026-08-24T16:10:00-04:00~2026-08-24T16:25:00-04:00|2026-08-24T16:10:00-04:00~2026-08-24T16:25:00-04:00,
2026-08-25,09:30,16:00,MNQ 12-26,false,false,FED_RELEASE|fed-august,false,12:55:00-13:10:00|12:55:00-13:10:00,2026-08-24T18:00:00-04:00,2026-08-25T17:00:00-04:00,2026-08-25T12:55:00-04:00~2026-08-25T13:10:00-04:00|2026-08-25T12:55:00-04:00~2026-08-25T13:10:00-04:00|2026-08-25T16:10:00-04:00~2026-08-25T16:25:00-04:00,
2026-08-26,09:30,16:00,MNQ 12-26,false,false,BLS_RELEASE|FED_RELEASE|GDP|PCE|bea-full|bls-august|fed-august,false,09:55:00-10:10:00|09:55:00-10:10:00|12:55:00-13:10:00,2026-08-25T18:00:00-04:00,2026-08-26T17:00:00-04:00,2026-08-26T08:25:00-04:00~2026-08-26T08:40:00-04:00|2026-08-26T08:25:00-04:00~2026-08-26T08:40:00-04:00|2026-08-26T09:55:00-04:00~2026-08-26T10:10:00-04:00|2026-08-26T09:55:00-04:00~2026-08-26T10:10:00-04:00|2026-08-26T12:55:00-04:00~2026-08-26T13:10:00-04:00|2026-08-26T16:10:00-04:00~2026-08-26T16:25:00-04:00,
2026-08-27,09:30,16:00,MNQ 12-26,false,false,BLS_RELEASE|FED_RELEASE|bls-august|fed-august,false,09:55:00-10:10:00|09:55:00-10:10:00|12:55:00-13:10:00,2026-08-26T18:00:00-04:00,2026-08-27T17:00:00-04:00,2026-08-27T09:55:00-04:00~2026-08-27T10:10:00-04:00|2026-08-27T09:55:00-04:00~2026-08-27T10:10:00-04:00|2026-08-27T12:55:00-04:00~2026-08-27T13:10:00-04:00|2026-08-27T16:10:00-04:00~2026-08-27T16:25:00-04:00|2026-08-27T16:25:00-04:00~2026-08-27T16:40:00-04:00,
2026-08-28,09:30,16:00,MNQ 12-26,false,false,BLS_RELEASE|FED_RELEASE|FED_SPEECH|bls-august|fed-august,false,09:55:00-10:10:00|09:55:00-10:10:00|09:55:00-10:10:00|09:55:00-10:10:00|12:55:00-13:10:00,2026-08-27T18:00:00-04:00,2026-08-28T17:00:00-04:00,2026-08-28T09:55:00-04:00~2026-08-28T10:10:00-04:00|2026-08-28T09:55:00-04:00~2026-08-28T10:10:00-04:00|2026-08-28T09:55:00-04:00~2026-08-28T10:10:00-04:00|2026-08-28T09:55:00-04:00~2026-08-28T10:10:00-04:00|2026-08-28T12:55:00-04:00~2026-08-28T13:10:00-04:00|2026-08-28T16:10:00-04:00~2026-08-28T16:25:00-04:00|2026-08-28T16:10:00-04:00~2026-08-28T16:25:00-04:00,
2026-08-31,09:30,16:00,MNQ 12-26,false,false,FED_RELEASE|FED_UNTIMED|fed-august,false,12:55:00-13:10:00,2026-08-30T18:00:00-04:00,2026-08-31T17:00:00-04:00,2026-08-31T12:55:00-04:00~2026-08-31T13:10:00-04:00|2026-08-31T16:10:00-04:00~2026-08-31T16:25:00-04:00|2026-08-31T16:10:00-04:00~2026-08-31T16:25:00-04:00,
2026-09-01,09:30,16:00,MNQ 12-26,false,false,BLS_RELEASE|FED_RELEASE|FED_SPEECH|bls-september|fed-september,false,09:55:00-10:10:00|12:55:00-13:10:00,2026-08-31T18:00:00-04:00,2026-09-01T17:00:00-04:00,2026-09-01T09:00:00-04:00~2026-09-01T09:15:00-04:00|2026-09-01T09:55:00-04:00~2026-09-01T10:10:00-04:00|2026-09-01T12:55:00-04:00~2026-09-01T13:10:00-04:00|2026-09-01T16:10:00-04:00~2026-09-01T16:25:00-04:00|2026-09-01T16:10:00-04:00~2026-09-01T16:25:00-04:00,
2026-09-02,09:30,16:00,MNQ 12-26,false,false,BLS_RELEASE|FED_RELEASE|bls-september|fed-september,false,09:55:00-10:10:00|12:55:00-13:10:00|13:55:00-14:10:00,2026-09-01T18:00:00-04:00,2026-09-02T17:00:00-04:00,2026-09-02T09:55:00-04:00~2026-09-02T10:10:00-04:00|2026-09-02T12:55:00-04:00~2026-09-02T13:10:00-04:00|2026-09-02T13:55:00-04:00~2026-09-02T14:10:00-04:00|2026-09-02T16:10:00-04:00~2026-09-02T16:25:00-04:00,
2026-09-03,09:30,16:00,MNQ 12-26,false,false,BEA_RELEASE|BLS_RELEASE|FED_RELEASE|FED_SPEECH|bea-full|bls-september|fed-september,false,12:55:00-13:10:00,2026-09-02T18:00:00-04:00,2026-09-03T17:00:00-04:00,2026-09-03T08:25:00-04:00~2026-09-03T08:40:00-04:00|2026-09-03T08:25:00-04:00~2026-09-03T08:40:00-04:00|2026-09-03T08:25:00-04:00~2026-09-03T08:40:00-04:00|2026-09-03T12:55:00-04:00~2026-09-03T13:10:00-04:00|2026-09-03T16:10:00-04:00~2026-09-03T16:25:00-04:00|2026-09-03T16:25:00-04:00~2026-09-03T16:40:00-04:00,
2026-09-04,09:30,16:00,MNQ 12-26,false,false,FED_RELEASE|PAYROLLS|bls-september|fed-september,false,12:55:00-13:10:00,2026-09-03T18:00:00-04:00,2026-09-04T17:00:00-04:00,2026-09-04T08:25:00-04:00~2026-09-04T08:40:00-04:00|2026-09-04T12:55:00-04:00~2026-09-04T13:10:00-04:00|2026-09-04T16:10:00-04:00~2026-09-04T16:25:00-04:00|2026-09-04T16:10:00-04:00~2026-09-04T16:25:00-04:00,
2026-09-08,09:30,16:00,MNQ 12-26,false,false,FED_RELEASE|fed-september,false,12:55:00-13:10:00|14:55:00-15:10:00,2026-09-07T18:00:00-04:00,2026-09-08T17:00:00-04:00,2026-09-08T12:55:00-04:00~2026-09-08T13:10:00-04:00|2026-09-08T14:55:00-04:00~2026-09-08T15:10:00-04:00|2026-09-08T16:10:00-04:00~2026-09-08T16:25:00-04:00|2026-09-08T16:10:00-04:00~2026-09-08T16:25:00-04:00,
2026-09-09,09:30,16:00,MNQ 12-26,false,false,BLS_RELEASE|FED_RELEASE|bls-september|fed-september,false,09:55:00-10:10:00|12:55:00-13:10:00,2026-09-08T18:00:00-04:00,2026-09-09T17:00:00-04:00,2026-09-09T09:55:00-04:00~2026-09-09T10:10:00-04:00|2026-09-09T12:55:00-04:00~2026-09-09T13:10:00-04:00|2026-09-09T16:10:00-04:00~2026-09-09T16:25:00-04:00,
2026-09-10,09:30,16:00,MNQ 12-26,false,false,BLS_RELEASE|FED_RELEASE|bls-september|fed-september,false,12:55:00-13:10:00,2026-09-09T18:00:00-04:00,2026-09-10T17:00:00-04:00,2026-09-10T08:25:00-04:00~2026-09-10T08:40:00-04:00|2026-09-10T12:55:00-04:00~2026-09-10T13:10:00-04:00|2026-09-10T16:10:00-04:00~2026-09-10T16:25:00-04:00|2026-09-10T16:25:00-04:00~2026-09-10T16:40:00-04:00,
2026-09-11,09:30,16:00,MNQ 12-26,false,false,BLS_RELEASE|CPI|FED_RELEASE|bls-september|fed-september,false,11:55:00-12:10:00|12:55:00-13:10:00,2026-09-10T18:00:00-04:00,2026-09-11T17:00:00-04:00,2026-09-11T08:25:00-04:00~2026-09-11T08:40:00-04:00|2026-09-11T08:25:00-04:00~2026-09-11T08:40:00-04:00|2026-09-11T11:55:00-04:00~2026-09-11T12:10:00-04:00|2026-09-11T12:55:00-04:00~2026-09-11T13:10:00-04:00|2026-09-11T16:10:00-04:00~2026-09-11T16:25:00-04:00|2026-09-11T16:10:00-04:00~2026-09-11T16:25:00-04:00,
2026-09-14,09:30,16:00,MNQ 12-26,true,false,FED_RELEASE|fed-september,false,12:55:00-13:10:00,2026-09-13T18:00:00-04:00,2026-09-14T17:00:00-04:00,2026-09-14T12:55:00-04:00~2026-09-14T13:10:00-04:00|2026-09-14T16:10:00-04:00~2026-09-14T16:25:00-04:00|2026-09-14T16:10:00-04:00~2026-09-14T16:25:00-04:00,
2026-09-15,09:30,16:00,MNQ 12-26,false,false,FED_RELEASE|FOMC_MEETING_DAY_1|fed-september,false,12:55:00-13:10:00,2026-09-14T18:00:00-04:00,2026-09-15T17:00:00-04:00,2026-09-15T12:55:00-04:00~2026-09-15T13:10:00-04:00|2026-09-15T16:10:00-04:00~2026-09-15T16:25:00-04:00,
2026-09-16,09:30,16:00,MNQ 12-26,false,false,BLS_RELEASE|FED_RELEASE|FOMC|bls-september|fed-september,false,12:55:00-13:10:00|13:55:00-14:10:00|14:25:00-14:40:00,2026-09-15T18:00:00-04:00,2026-09-16T17:00:00-04:00,2026-09-16T08:25:00-04:00~2026-09-16T08:40:00-04:00|2026-09-16T12:55:00-04:00~2026-09-16T13:10:00-04:00|2026-09-16T13:55:00-04:00~2026-09-16T14:10:00-04:00|2026-09-16T14:25:00-04:00~2026-09-16T14:40:00-04:00|2026-09-16T16:10:00-04:00~2026-09-16T16:25:00-04:00,
2026-09-17,09:30,16:00,MNQ 12-26,false,false,FED_RELEASE|fed-september,false,12:55:00-13:10:00,2026-09-16T18:00:00-04:00,2026-09-17T17:00:00-04:00,2026-09-17T12:55:00-04:00~2026-09-17T13:10:00-04:00|2026-09-17T16:10:00-04:00~2026-09-17T16:25:00-04:00|2026-09-17T16:25:00-04:00~2026-09-17T16:40:00-04:00,
2026-09-18,09:30,16:00,MNQ 12-26,false,false,BLS_RELEASE|FED_RELEASE|FED_SPEECH|bls-september|fed-september,false,09:30:00-09:40:00|09:55:00-10:10:00|12:55:00-13:10:00,2026-09-17T18:00:00-04:00,2026-09-18T17:00:00-04:00,2026-09-18T09:10:00-04:00~2026-09-18T09:25:00-04:00|2026-09-18T09:25:00-04:00~2026-09-18T09:40:00-04:00|2026-09-18T09:55:00-04:00~2026-09-18T10:10:00-04:00|2026-09-18T12:55:00-04:00~2026-09-18T13:10:00-04:00|2026-09-18T16:10:00-04:00~2026-09-18T16:25:00-04:00|2026-09-18T16:10:00-04:00~2026-09-18T16:25:00-04:00,
2026-09-21,09:30,16:00,MNQ 12-26,false,false,FED_RELEASE|fed-september,false,12:55:00-13:10:00,2026-09-20T18:00:00-04:00,2026-09-21T17:00:00-04:00,2026-09-21T12:55:00-04:00~2026-09-21T13:10:00-04:00|2026-09-21T16:10:00-04:00~2026-09-21T16:25:00-04:00|2026-09-21T16:10:00-04:00~2026-09-21T16:25:00-04:00,
2026-09-22,09:30,16:00,MNQ 12-26,false,false,FED_RELEASE|FED_SPEECH|fed-september,false,10:15:00-10:30:00|12:55:00-13:10:00|12:55:00-13:10:00,2026-09-21T18:00:00-04:00,2026-09-22T17:00:00-04:00,2026-09-22T10:15:00-04:00~2026-09-22T10:30:00-04:00|2026-09-22T12:55:00-04:00~2026-09-22T13:10:00-04:00|2026-09-22T12:55:00-04:00~2026-09-22T13:10:00-04:00|2026-09-22T16:10:00-04:00~2026-09-22T16:25:00-04:00,
2026-09-23,09:30,16:00,MNQ 12-26,false,false,FED_RELEASE|FED_SPEECH|fed-september,false,10:00:00-10:15:00|12:55:00-13:10:00,2026-09-22T18:00:00-04:00,2026-09-23T17:00:00-04:00,2026-09-23T10:00:00-04:00~2026-09-23T10:15:00-04:00|2026-09-23T12:55:00-04:00~2026-09-23T13:10:00-04:00|2026-09-23T16:10:00-04:00~2026-09-23T16:25:00-04:00,
2026-09-24,09:30,16:00,MNQ 12-26,false,false,BEA_RELEASE|BLS_RELEASE|FED_RELEASE|bea-full|bls-september|fed-september,false,09:55:00-10:10:00|09:55:00-10:10:00|12:55:00-13:10:00|13:55:00-14:10:00,2026-09-23T18:00:00-04:00,2026-09-24T17:00:00-04:00,2026-09-24T08:25:00-04:00~2026-09-24T08:40:00-04:00|2026-09-24T09:55:00-04:00~2026-09-24T10:10:00-04:00|2026-09-24T09:55:00-04:00~2026-09-24T10:10:00-04:00|2026-09-24T12:55:00-04:00~2026-09-24T13:10:00-04:00|2026-09-24T13:55:00-04:00~2026-09-24T14:10:00-04:00|2026-09-24T16:10:00-04:00~2026-09-24T16:25:00-04:00|2026-09-24T16:25:00-04:00~2026-09-24T16:40:00-04:00,
2026-09-25,09:30,16:00,MNQ 12-26,false,false,BLS_RELEASE|FED_RELEASE|bls-september|fed-september,false,09:55:00-10:10:00|12:55:00-13:10:00,2026-09-24T18:00:00-04:00,2026-09-25T17:00:00-04:00,2026-09-25T09:55:00-04:00~2026-09-25T10:10:00-04:00|2026-09-25T12:55:00-04:00~2026-09-25T13:10:00-04:00|2026-09-25T16:10:00-04:00~2026-09-25T16:25:00-04:00|2026-09-25T16:10:00-04:00~2026-09-25T16:25:00-04:00,
2026-09-28,09:30,16:00,MNQ 12-26,false,false,FED_RELEASE|FED_SPEECH|fed-september,false,12:55:00-13:10:00|13:20:00-13:35:00,2026-09-27T18:00:00-04:00,2026-09-28T17:00:00-04:00,2026-09-28T08:10:00-04:00~2026-09-28T08:25:00-04:00|2026-09-28T12:55:00-04:00~2026-09-28T13:10:00-04:00|2026-09-28T13:20:00-04:00~2026-09-28T13:35:00-04:00|2026-09-28T16:10:00-04:00~2026-09-28T16:25:00-04:00|2026-09-28T16:10:00-04:00~2026-09-28T16:25:00-04:00,
2026-09-29,09:30,16:00,MNQ 12-26,false,false,BLS_RELEASE|FED_RELEASE|FED_SPEECH|bls-september|fed-september,false,09:55:00-10:10:00|10:55:00-11:10:00|12:35:00-12:50:00|12:55:00-13:10:00|14:55:00-15:10:00,2026-09-28T18:00:00-04:00,2026-09-29T17:00:00-04:00,2026-09-29T09:55:00-04:00~2026-09-29T10:10:00-04:00|2026-09-29T10:55:00-04:00~2026-09-29T11:10:00-04:00|2026-09-29T12:35:00-04:00~2026-09-29T12:50:00-04:00|2026-09-29T12:55:00-04:00~2026-09-29T13:10:00-04:00|2026-09-29T14:55:00-04:00~2026-09-29T15:10:00-04:00|2026-09-29T16:10:00-04:00~2026-09-29T16:25:00-04:00,
2026-09-30,09:30,16:00,MNQ 12-26,false,true,BLS_RELEASE|FED_RELEASE|FED_SPEECH|FED_UNTIMED|GDP|LATE_NEWS|PCE|bea-full|bls-september|fed-september,false,09:55:00-10:10:00|12:55:00-13:10:00|15:20:00-15:35:00,2026-09-29T18:00:00-04:00,2026-09-30T17:00:00-04:00,2026-09-30T08:25:00-04:00~2026-09-30T08:40:00-04:00|2026-09-30T08:25:00-04:00~2026-09-30T08:40:00-04:00|2026-09-30T09:55:00-04:00~2026-09-30T10:10:00-04:00|2026-09-30T12:55:00-04:00~2026-09-30T13:10:00-04:00|2026-09-30T15:20:00-04:00~2026-09-30T15:35:00-04:00|2026-09-30T16:10:00-04:00~2026-09-30T16:25:00-04:00,
2026-10-01,09:30,16:00,MNQ 12-26,false,true,FED_RELEASE|FED_SPEECH|LATE_NEWS|fed-october,false,09:55:00-10:10:00|09:55:00-10:10:00|12:55:00-13:10:00|13:25:00-13:40:00|13:25:00-13:40:00|14:55:00-15:10:00|14:55:00-15:10:00|15:25:00-15:40:00|15:25:00-15:40:00,2026-09-30T18:00:00-04:00,2026-10-01T17:00:00-04:00,2026-10-01T09:55:00-04:00~2026-10-01T10:10:00-04:00|2026-10-01T09:55:00-04:00~2026-10-01T10:10:00-04:00|2026-10-01T12:55:00-04:00~2026-10-01T13:10:00-04:00|2026-10-01T13:25:00-04:00~2026-10-01T13:40:00-04:00|2026-10-01T13:25:00-04:00~2026-10-01T13:40:00-04:00|2026-10-01T14:55:00-04:00~2026-10-01T15:10:00-04:00|2026-10-01T14:55:00-04:00~2026-10-01T15:10:00-04:00|2026-10-01T15:25:00-04:00~2026-10-01T15:40:00-04:00|2026-10-01T15:25:00-04:00~2026-10-01T15:40:00-04:00|2026-10-01T16:10:00-04:00~2026-10-01T16:25:00-04:00|2026-10-01T16:10:00-04:00~2026-10-01T16:25:00-04:00|2026-10-01T16:25:00-04:00~2026-10-01T16:40:00-04:00,
2026-10-02,09:30,16:00,MNQ 12-26,false,false,FED_RELEASE|PAYROLLS|bls-october|fed-october,false,12:55:00-13:10:00,2026-10-01T18:00:00-04:00,2026-10-02T17:00:00-04:00,2026-10-02T08:25:00-04:00~2026-10-02T08:40:00-04:00|2026-10-02T12:55:00-04:00~2026-10-02T13:10:00-04:00|2026-10-02T16:10:00-04:00~2026-10-02T16:25:00-04:00|2026-10-02T16:10:00-04:00~2026-10-02T16:25:00-04:00,
2026-10-05,09:30,16:00,MNQ 12-26,false,false,FED_RELEASE|fed-october,false,12:55:00-13:10:00,2026-10-04T18:00:00-04:00,2026-10-05T17:00:00-04:00,2026-10-05T12:55:00-04:00~2026-10-05T13:10:00-04:00|2026-10-05T16:10:00-04:00~2026-10-05T16:25:00-04:00|2026-10-05T16:10:00-04:00~2026-10-05T16:25:00-04:00,
2026-10-06,09:30,16:00,MNQ 12-26,false,false,BEA_RELEASE|FED_RELEASE|FED_SPEECH|bea-full|fed-october,false,09:55:00-10:10:00|10:40:00-10:55:00|10:40:00-10:55:00|12:55:00-13:10:00,2026-10-05T18:00:00-04:00,2026-10-06T17:00:00-04:00,2026-10-06T08:25:00-04:00~2026-10-06T08:40:00-04:00|2026-10-06T09:55:00-04:00~2026-10-06T10:10:00-04:00|2026-10-06T10:40:00-04:00~2026-10-06T10:55:00-04:00|2026-10-06T10:40:00-04:00~2026-10-06T10:55:00-04:00|2026-10-06T12:55:00-04:00~2026-10-06T13:10:00-04:00|2026-10-06T16:10:00-04:00~2026-10-06T16:25:00-04:00,
2026-10-07,09:30,16:00,MNQ 12-26,false,false,FED_RELEASE|FOMC|fed-october,true,12:55:00-13:10:00|13:55:00-14:10:00|13:55:00-14:10:00|14:55:00-15:10:00,2026-10-06T18:00:00-04:00,2026-10-07T17:00:00-04:00,2026-10-07T12:55:00-04:00~2026-10-07T13:10:00-04:00|2026-10-07T13:55:00-04:00~2026-10-07T14:10:00-04:00|2026-10-07T13:55:00-04:00~2026-10-07T14:10:00-04:00|2026-10-07T14:55:00-04:00~2026-10-07T15:10:00-04:00|2026-10-07T16:10:00-04:00~2026-10-07T16:25:00-04:00,
2026-10-08,09:30,16:00,MNQ 12-26,false,false,FED_RELEASE|FED_SPEECH|fed-october,true,12:55:00-13:10:00,2026-10-07T18:00:00-04:00,2026-10-08T17:00:00-04:00,2026-10-08T04:25:00-04:00~2026-10-08T04:40:00-04:00|2026-10-08T04:25:00-04:00~2026-10-08T04:40:00-04:00|2026-10-08T12:55:00-04:00~2026-10-08T13:10:00-04:00|2026-10-08T16:10:00-04:00~2026-10-08T16:25:00-04:00|2026-10-08T16:25:00-04:00~2026-10-08T16:40:00-04:00,
2026-10-09,09:30,16:00,MNQ 12-26,false,false,FED_RELEASE|fed-october,true,12:55:00-13:10:00,2026-10-08T18:00:00-04:00,2026-10-09T17:00:00-04:00,2026-10-09T12:55:00-04:00~2026-10-09T13:10:00-04:00|2026-10-09T16:10:00-04:00~2026-10-09T16:25:00-04:00|2026-10-09T16:10:00-04:00~2026-10-09T16:25:00-04:00,
2026-10-12,09:30,16:00,MNQ 12-26,false,false,,true,,2026-10-11T18:00:00-04:00,2026-10-12T17:00:00-04:00,,
2026-10-13,09:30,16:00,MNQ 12-26,false,false,fed-october,true,12:55:00-13:10:00,2026-10-12T18:00:00-04:00,2026-10-13T17:00:00-04:00,2026-10-13T12:55:00-04:00~2026-10-13T13:10:00-04:00|2026-10-13T16:10:00-04:00~2026-10-13T16:25:00-04:00|2026-10-13T16:10:00-04:00~2026-10-13T16:25:00-04:00,
2026-10-14,09:30,16:00,MNQ 12-26,false,false,bls-october|fed-october,true,12:55:00-13:10:00|13:55:00-14:10:00,2026-10-13T18:00:00-04:00,2026-10-14T17:00:00-04:00,2026-10-14T08:25:00-04:00~2026-10-14T08:40:00-04:00|2026-10-14T08:25:00-04:00~2026-10-14T08:40:00-04:00|2026-10-14T12:55:00-04:00~2026-10-14T13:10:00-04:00|2026-10-14T13:55:00-04:00~2026-10-14T14:10:00-04:00|2026-10-14T16:10:00-04:00~2026-10-14T16:25:00-04:00,
2026-10-15,09:30,16:00,MNQ 12-26,false,false,bls-october|fed-october,true,12:55:00-13:10:00,2026-10-14T18:00:00-04:00,2026-10-15T17:00:00-04:00,2026-10-15T08:25:00-04:00~2026-10-15T08:40:00-04:00|2026-10-15T12:55:00-04:00~2026-10-15T13:10:00-04:00|2026-10-15T16:10:00-04:00~2026-10-15T16:25:00-04:00|2026-10-15T16:25:00-04:00~2026-10-15T16:40:00-04:00,
2026-10-16,09:30,16:00,MNQ 12-26,false,false,bls-october|fed-october,true,12:55:00-13:10:00,2026-10-15T18:00:00-04:00,2026-10-16T17:00:00-04:00,2026-10-16T08:25:00-04:00~2026-10-16T08:40:00-04:00|2026-10-16T09:10:00-04:00~2026-10-16T09:25:00-04:00|2026-10-16T12:55:00-04:00~2026-10-16T13:10:00-04:00|2026-10-16T16:10:00-04:00~2026-10-16T16:25:00-04:00|2026-10-16T16:10:00-04:00~2026-10-16T16:25:00-04:00,
2026-10-19,09:30,16:00,MNQ 12-26,false,false,fed-october,true,12:55:00-13:10:00,2026-10-18T18:00:00-04:00,2026-10-19T17:00:00-04:00,2026-10-19T12:55:00-04:00~2026-10-19T13:10:00-04:00|2026-10-19T16:10:00-04:00~2026-10-19T16:25:00-04:00|2026-10-19T16:10:00-04:00~2026-10-19T16:25:00-04:00,
2026-10-20,09:30,16:00,MNQ 12-26,false,false,bls-october|fed-october,true,09:55:00-10:10:00|12:55:00-13:10:00,2026-10-19T18:00:00-04:00,2026-10-20T17:00:00-04:00,2026-10-20T09:55:00-04:00~2026-10-20T10:10:00-04:00|2026-10-20T12:55:00-04:00~2026-10-20T13:10:00-04:00|2026-10-20T16:10:00-04:00~2026-10-20T16:25:00-04:00,
2026-10-21,09:30,16:00,MNQ 12-26,false,false,bls-october|fed-october,true,09:55:00-10:10:00|12:55:00-13:10:00,2026-10-20T18:00:00-04:00,2026-10-21T17:00:00-04:00,2026-10-21T09:55:00-04:00~2026-10-21T10:10:00-04:00|2026-10-21T12:55:00-04:00~2026-10-21T13:10:00-04:00|2026-10-21T16:10:00-04:00~2026-10-21T16:25:00-04:00,
2026-10-22,09:30,16:00,MNQ 12-26,false,false,fed-october,true,12:55:00-13:10:00,2026-10-21T18:00:00-04:00,2026-10-22T17:00:00-04:00,2026-10-22T12:55:00-04:00~2026-10-22T13:10:00-04:00|2026-10-22T16:10:00-04:00~2026-10-22T16:25:00-04:00|2026-10-22T16:25:00-04:00~2026-10-22T16:40:00-04:00,
2026-10-23,09:30,16:00,MNQ 12-26,false,false,fed-october,true,12:55:00-13:10:00,2026-10-22T18:00:00-04:00,2026-10-23T17:00:00-04:00,2026-10-23T12:55:00-04:00~2026-10-23T13:10:00-04:00|2026-10-23T16:10:00-04:00~2026-10-23T16:25:00-04:00|2026-10-23T16:10:00-04:00~2026-10-23T16:25:00-04:00,
2026-10-26,09:30,16:00,MNQ 12-26,false,false,fed-october,true,12:55:00-13:10:00,2026-10-25T18:00:00-04:00,2026-10-26T17:00:00-04:00,2026-10-26T12:55:00-04:00~2026-10-26T13:10:00-04:00|2026-10-26T16:10:00-04:00~2026-10-26T16:25:00-04:00|2026-10-26T16:10:00-04:00~2026-10-26T16:25:00-04:00,
2026-10-27,09:30,16:00,MNQ 12-26,false,false,fed-october,true,12:55:00-13:10:00|12:55:00-13:10:00,2026-10-26T18:00:00-04:00,2026-10-27T17:00:00-04:00,2026-10-27T12:55:00-04:00~2026-10-27T13:10:00-04:00|2026-10-27T12:55:00-04:00~2026-10-27T13:10:00-04:00|2026-10-27T16:10:00-04:00~2026-10-27T16:25:00-04:00,
2026-10-28,09:30,16:00,MNQ 12-26,false,false,bls-october|fed-october,true,09:55:00-10:10:00|09:55:00-10:10:00|12:55:00-13:10:00|13:55:00-14:10:00|14:25:00-14:40:00,2026-10-27T18:00:00-04:00,2026-10-28T17:00:00-04:00,2026-10-28T09:55:00-04:00~2026-10-28T10:10:00-04:00|2026-10-28T09:55:00-04:00~2026-10-28T10:10:00-04:00|2026-10-28T12:55:00-04:00~2026-10-28T13:10:00-04:00|2026-10-28T13:55:00-04:00~2026-10-28T14:10:00-04:00|2026-10-28T14:25:00-04:00~2026-10-28T14:40:00-04:00|2026-10-28T16:10:00-04:00~2026-10-28T16:25:00-04:00,
2026-10-29,09:30,16:00,MNQ 12-26,false,false,bea-full|bls-october|fed-october,true,09:55:00-10:10:00|12:55:00-13:10:00,2026-10-28T18:00:00-04:00,2026-10-29T17:00:00-04:00,2026-10-29T08:25:00-04:00~2026-10-29T08:40:00-04:00|2026-10-29T08:25:00-04:00~2026-10-29T08:40:00-04:00|2026-10-29T09:55:00-04:00~2026-10-29T10:10:00-04:00|2026-10-29T12:55:00-04:00~2026-10-29T13:10:00-04:00|2026-10-29T16:10:00-04:00~2026-10-29T16:25:00-04:00|2026-10-29T16:25:00-04:00~2026-10-29T16:40:00-04:00,
2026-10-30,09:30,16:00,MNQ 12-26,false,false,bls-october|fed-october,true,12:55:00-13:10:00,2026-10-29T18:00:00-04:00,2026-10-30T17:00:00-04:00,2026-10-30T08:25:00-04:00~2026-10-30T08:40:00-04:00|2026-10-30T12:55:00-04:00~2026-10-30T13:10:00-04:00|2026-10-30T16:10:00-04:00~2026-10-30T16:25:00-04:00|2026-10-30T16:10:00-04:00~2026-10-30T16:25:00-04:00,
